{
    "version" : "1.0",
    "targets" : [
        { "id": "esp32", "name": "ESP32" },
        { "id": "esp32s2", "name": "ESP32-S2" },
        { "id": "esp32s3", "name": "ESP32-S3" },
        { "id": "esp32c2", "name": "ESP32-C2" },
        { "id": "esp32c3", "name": "ESP32-C3" },
        { "id": "esp32c6", "name": "ESP32-C6" },
        { "id": "esp32h2", "name": "ESP32-H2" }
    ],
    "boards" : [
        {
            "name": "ESP-WROVER-KIT 3.3V",
            "description": "ESP-WROVER-KIT with 3.3V ESP32-WROVER-B module",
            "target": "esp32",
            "config_files": ["board/esp32-wrover-kit-3.3v.cfg"]
        },
        {
            "name": "ESP-WROVER-KIT 1.8V",
            "description": "ESP-WROVER-KIT with 1.8V ESP32-WROVER-B module",
            "target": "esp32",
            "config_files": ["board/esp32-wrover-kit-1.8v.cfg"]
        },
        {
            "name": "ESP32-ETHERNET-KIT",
            "description": "ESP32-ETHERNET-KIT with ESP32-WROVER-E module",
            "target": "esp32",
            "config_files": ["board/esp32-ethernet-kit-3.3v.cfg"]
        },
        {
            "name": "ESP32 chip (via ESP-PROG)",
            "description": "ESP32 used with ESP-PROG board",
            "target": "esp32",
            "config_files": [
                "interface/ftdi/esp32_devkitj_v1.cfg",
                "target/esp32.cfg"
            ]
        },
        {
            "name": "ESP32 chip (via ESP USB Bridge)",
            "description": "ESP32 used with ESP USB Bridge board",
            "target": "esp32",
            "config_files": [
                "board/esp32-bridge.cfg"
            ]
        },
        {
            "name": "ESP32-SOLO-1 module (via ESP-PROG)",
            "description": "ESP32-SOLO-1 used with ESP-PROG board",
            "target": "esp32",
            "config_files": [
                "interface/ftdi/esp32_devkitj_v1.cfg",
                "target/esp32-solo-1.cfg"
            ]
        },
        {
            "name": "ESP32-S2-KALUGA-1",
            "description": "ESP32-S2-KALUGA-1 kit",
            "target": "esp32s2",
            "config_files": ["board/esp32s2-kaluga-1.cfg"]
        },
        {
            "name": "ESP32-S2 chip (via ESP-PROG)",
            "description": "ESP32-S2 used with ESP-PROG board",
            "target": "esp32s2",
            "config_files": [
                "interface/ftdi/esp32_devkitj_v1.cfg",
                "target/esp32s2.cfg"
            ]
        },
        {
            "name": "ESP32-S2 chip (via ESP USB Bridge)",
            "description": "ESP32-S2 used with ESP USB Bridge board",
            "target": "esp32s2",
            "config_files": [
                "board/esp32s2-bridge.cfg"
            ]
        },
        {
            "name": "ESP32-S3 chip (via ESP-PROG)",
            "description": "ESP32-S3 used with ESP-PROG board",
            "target": "esp32s3",
            "config_files": [
                "interface/ftdi/esp32_devkitj_v1.cfg",
                "target/esp32s3.cfg"
            ]
        },
        {
            "name": "ESP32-S3 chip (via builtin USB-JTAG)",
            "description": "ESP32-S3 debugging via builtin USB-JTAG",
            "target": "esp32s3",
            "config_files": [
                "board/esp32s3-builtin.cfg"
            ]
        },
        {
            "name": "ESP32-S3 chip (via ESP USB Bridge)",
            "description": "ESP32-S3 used with ESP USB Bridge board",
            "target": "esp32s3",
            "config_files": [
                "board/esp32s3-bridge.cfg"
            ]
        },
        {
            "name": "ESP32-C2 chip (via ESP-PROG)",
            "description": "ESP32-C2 used with ESP-PROG board",
            "target": "esp32c2",
            "config_files": [
                "board/esp32c2-ftdi.cfg"
            ]
        },
        {
            "name": "ESP32-C2 chip (via ESP USB Bridge)",
            "description": "ESP32-C2 debugging via ESP USB Bridge board",
            "target": "esp32c2",
            "config_files": [
                "board/esp32c2-bridge.cfg"
            ]
        },
        {
            "name": "ESP32-C3 chip (via ESP-PROG)",
            "description": "ESP32-C3 used with ESP-PROG board",
            "target": "esp32c3",
            "config_files": [
                "board/esp32c3-ftdi.cfg"
            ]
        },
        {
            "name": "ESP32-C3 chip (via builtin USB-JTAG)",
            "description": "ESP32-C3 debugging via builtin USB-JTAG",
            "target": "esp32c3",
            "config_files": [
                "board/esp32c3-builtin.cfg"
            ]
        },
        {
            "name": "ESP32-C3 chip (via ESP USB Bridge)",
            "description": "ESP32-C3 debugging via ESP USB Bridge board",
            "target": "esp32c3",
            "config_files": [
                "board/esp32c3-bridge.cfg"
            ]
        },
        {
            "name": "ESP32-C6 chip (via ESP-PROG)",
            "description": "ESP32-C6 used with ESP-PROG board",
            "target": "esp32c6",
            "config_files": [
                "board/esp32c6-ftdi.cfg"
            ]
        },
        {
            "name": "ESP32-C6 chip (via builtin USB-JTAG)",
            "description": "ESP32-C6 debugging via builtin USB-JTAG",
            "target": "esp32c6",
            "config_files": [
                "board/esp32c6-builtin.cfg"
            ]
        },
        {
            "name": "ESP32-C6 chip (via ESP USB Bridge)",
            "description": "ESP32-C6 debugging via ESP USB Bridge board",
            "target": "esp32c6",
            "config_files": [
                "board/esp32c6-bridge.cfg"
            ]
        },
        {
            "name": "ESP32-H2 chip (via ESP-PROG)",
            "description": "ESP32-H2 used with ESP-PROG board",
            "target": "esp32h2",
            "config_files": [
                "board/esp32h2-ftdi.cfg"
            ]
        },
        {
            "name": "ESP32-H2 chip (via builtin USB-JTAG)",
            "description": "ESP32-H2 debugging via builtin USB-JTAG",
            "target": "esp32h2",
            "config_files": [
                "board/esp32h2-builtin.cfg"
            ]
        },
        {
            "name": "ESP32-H2 chip (via ESP USB Bridge)",
            "description": "ESP32-H2 debugging via ESP USB Bridge board",
            "target": "esp32h2",
            "config_files": [
                "board/esp32h2-bridge.cfg"
            ]
        }
    ],
    "options": [
        {
            "name": "ESP_FLASH_VOLTAGE",
            "values": ["default", "3.3", "1.8"],
            "description": "Flash voltage",
            "type": "choice",
            "targets": ["esp32"]
        },
        {
            "name": "ESP_RTOS",
            "values": ["default", "none", "FreeRTOS"],
            "description": "RTOS support",
            "type": "choice"
        },
        {
            "name": "ESP_FLASH_SIZE",
            "values": ["default", "0", "auto"],
            "description": "Flash size",
            "type": "choice_edit"
        }
    ]
}
